reference_material_id,reference_timeframe_id,reference_space_id,criticality_timeframe_id,sr,gte,dt,cf,s_r,ppi,hdi,gp,wgi_pv,gsc,affiliation_id,method_id,publication_id,notes,contributor_id,date_created,date_updated,criticality_sr_id
27,109,1673,2,47.75405,26.05144,0,52.10288,59.53611824,37.61928559,81.4529509,57.67457827,39.8747641,75.47439243,NULL,NULL,35,NULL,1,"2019-02-04 14:46:59","2019-02-04 14:46:59",1
7,109,1673,2,44.41993718,5.319148936,0,10.63829787,58.20848891,28.38034154,88.03663627,69.7321737,43.17638921,96.28795818,NULL,NULL,35,NULL,1,"2019-02-04 14:46:59","2019-02-04 14:46:59",2
5,109,1673,2,45.51519681,0.15,0,0.3,66.84171668,57.08718653,76.59624683,69.55387374,63.80762223,75.30012526,NULL,NULL,35,NULL,1,"2019-02-04 14:46:59","2019-02-04 14:46:59",3
29,109,1673,2,47.39477329,2.5,0,5,62.07913598,54.80738429,69.35088768,77.60518388,66.09527443,89.11509333,NULL,NULL,35,NULL,1,"2019-02-04 14:46:59","2019-02-04 14:46:59",4
2,109,1673,2,42.57922471,0,0,0,65.46082527,53.88455003,77.03710051,62.27684887,57.16847641,67.38522132,NULL,NULL,35,NULL,1,"2019-02-04 14:46:59","2019-02-04 14:46:59",5
43,109,1673,2,67.0802171,50,0,100,67.56078689,61.12822432,73.99334947,83.6798644,74.80780192,92.55192688,NULL,NULL,35,NULL,1,"2019-02-04 14:46:59","2019-02-04 14:46:59",6
51,109,1673,2,38.05124275,1.784,3.568,0,60.18250145,44.91395605,75.45104685,52.18722679,39.29631038,65.07814319,NULL,NULL,35,NULL,1,"2019-02-04 14:46:59","2019-02-04 14:46:59",7
54,109,1673,2,58.93624832,41,0,82,62.74866569,58.57137982,66.92595156,73.06007928,65.93632058,80.18383799,NULL,NULL,35,NULL,1,"2019-02-04 14:46:59","2019-02-04 14:46:59",8
12,109,1673,2,59.82167129,48.94416807,96.048,1.840336134,64.17982016,63.34413023,65.01551009,66.34102565,57.91623218,74.76581913,NULL,NULL,35,NULL,1,"2019-02-04 14:46:59","2019-02-04 14:46:59",9
30,109,1673,2,60.81270594,45.7185195,88.768,2.669039,62.7346592,53.78682166,71.68249675,73.98493913,65.80708274,82.16279552,NULL,NULL,35,NULL,1,"2019-02-04 14:46:59","2019-02-04 14:46:59",10
17,109,1673,2,45.04317935,4.4,8.8,0,63.37990144,53.75829807,73.00150481,67.34963661,59.53539388,75.16387934,NULL,NULL,35,NULL,1,"2019-02-04 14:46:59","2019-02-04 14:46:59",11
11,109,1673,2,63.40365468,52.724,20.448,85,66.86995821,58.98377704,74.75613937,70.61700583,68.65330032,72.58071134,NULL,NULL,35,NULL,1,"2019-02-04 14:46:59","2019-02-04 14:46:59",12
33,109,1673,2,46.86369484,17.39024753,32.8,1.980495051,64.75087071,50.86585748,78.63588394,58.44996629,56.43456448,60.4653681,NULL,NULL,35,NULL,1,"2019-02-04 14:46:59","2019-02-04 14:46:59",13
13,109,1673,2,54.12904327,44.985926,80.848,9.123852,58.34443807,40.05436723,76.6345089,59.05676575,51.32275262,66.79077889,NULL,NULL,35,NULL,1,"2019-02-04 14:46:59","2019-02-04 14:46:59",14
58,109,1673,2,58.9120594,52.90376937,95.632,10.17553875,63.27404409,50.19216974,76.35591844,60.55836474,55.46476225,65.65196722,NULL,NULL,35,NULL,1,"2019-02-04 14:46:59","2019-02-04 14:46:59",15
18,109,1673,2,61.00211512,50,0,100,62.44983315,53.88455003,71.01511628,70.55651222,57.71466905,83.39835538,NULL,NULL,35,NULL,1,"2019-02-04 14:46:59","2019-02-04 14:46:59",16
20,109,1673,2,61.40474151,50,0,100,61.65203888,51.519332,71.78474576,72.56218564,61.9214472,83.20292408,NULL,NULL,35,NULL,1,"2019-02-04 14:46:59","2019-02-04 14:46:59",17
3,109,1673,2,72.75130927,92.4,92.8,92,54.33442169,40.05436723,68.61447615,71.51950613,65.32900843,77.71000384,NULL,NULL,35,NULL,1,"2019-02-04 14:46:59","2019-02-04 14:46:59",18
44,109,1673,2,68.82969342,91.6,83.2,100,63.66995601,40.05436723,87.28554479,51.21912424,30.63143508,71.8068134,NULL,NULL,35,NULL,1,"2019-02-04 14:46:59","2019-02-04 14:46:59",19
47,109,1673,2,62.11006556,48.776,97.552,0,61.62279358,44.55532799,78.69025918,75.93140308,68.8815594,82.98124676,NULL,NULL,35,NULL,1,"2019-02-04 14:46:59","2019-02-04 14:46:59",20
56,109,1673,2,62.86432912,42.13938345,0,84.2787669,60.68998903,54.85316971,66.52680835,85.76361489,71.65049529,99.87673448,NULL,NULL,35,NULL,1,"2019-02-04 14:46:59","2019-02-04 14:46:59",21
59,109,1673,2,68.8505139,83.464,66.928,100,62.57564021,50.93780825,74.21347218,60.51190148,42.79717586,78.2266271,NULL,NULL,35,NULL,1,"2019-02-04 14:46:59","2019-02-04 14:46:59",22
32,109,1673,2,60.52450696,41.016,80.032,2,61.05832429,49.43741909,72.67922948,79.49919658,61.74212227,97.2562709,NULL,NULL,35,NULL,1,"2019-02-04 14:46:59","2019-02-04 14:46:59",23
31,109,1673,2,64.26754918,65.94780165,85.408,46.48760331,60.73878362,44.90673101,76.57083622,66.11606226,57.77536044,74.45676408,NULL,NULL,35,NULL,1,"2019-02-04 14:46:59","2019-02-04 14:46:59",24
41,109,1673,2,61.17631937,47.68074138,0,95.36148276,60.45296313,59.31386905,61.5920572,75.3952536,54.04419416,96.74631304,NULL,NULL,35,NULL,1,"2019-02-04 14:46:59","2019-02-04 14:46:59",25
40,109,1673,2,57.36621969,36.71190395,25.2,48.2238079,60.96524207,59.29928457,62.63119957,74.42151305,55.84346586,92.99956023,NULL,NULL,35,NULL,1,"2019-02-04 14:46:59","2019-02-04 14:46:59",26
36,109,1673,2,58.19332624,39.80869018,0,79.61738035,64.47485899,57.71839469,71.23132329,70.29642957,60.21593854,80.37692059,NULL,NULL,35,NULL,1,"2019-02-04 14:46:59","2019-02-04 14:46:59",27
1,109,1673,2,67.39215836,81.03018081,91.168,70.89236162,61.61202233,47.44350747,75.78053718,59.53427196,59.83003106,59.23851286,NULL,NULL,35,NULL,1,"2019-02-04 14:46:59","2019-02-04 14:46:59",28
9,109,1673,2,71.89604956,93.4,86.8,100,63.75068418,50.19216974,77.30919863,58.5374645,51.10328373,65.97164527,NULL,NULL,35,NULL,1,"2019-02-04 14:46:59","2019-02-04 14:46:59",29
24,109,1673,2,76.86005266,98.776,97.552,100,63.64070826,51.184706,76.09671053,68.16344972,54.62661311,81.70028633,NULL,NULL,35,NULL,1,"2019-02-04 14:46:59","2019-02-04 14:46:59",30
46,109,1673,2,62.71565023,47.65162438,92.8,2.503248752,64.17748686,60.18834565,68.16662807,76.31783946,76.31873534,76.31694358,NULL,NULL,35,NULL,1,"2019-02-04 14:46:59","2019-02-04 14:46:59",31
42,109,1673,2,77.7913461,88.224,96.448,80,61.09187725,55.47202487,66.71172962,84.05816104,71.3538035,96.76251858,NULL,NULL,35,NULL,1,"2019-02-04 14:46:59","2019-02-04 14:46:59",32
50,109,1673,2,70.22267626,87.856,75.712,100,62.15084559,40.05436723,84.24732394,60.66118318,47.7383532,73.58401317,NULL,NULL,35,NULL,1,"2019-02-04 14:46:59","2019-02-04 14:46:59",33
6,109,1673,2,61.58810712,47.904,93.808,2,61.62972293,56.47905814,66.78038773,75.23059841,70.40226392,80.05893291,NULL,NULL,35,NULL,1,"2019-02-04 14:46:59","2019-02-04 14:46:59",34
26,109,1673,2,64.27415918,46.54567685,0,93.0913537,60.83312739,54.97641775,66.68983702,85.44367332,71.77131291,99.11603373,NULL,NULL,35,NULL,1,"2019-02-04 14:46:59","2019-02-04 14:46:59",35
10,109,1673,2,63.42246306,44.03591267,0,88.07182535,60.8709918,55.0093174,66.73266619,85.36048469,71.80380666,98.91716272,NULL,NULL,35,NULL,1,"2019-02-04 14:46:59","2019-02-04 14:46:59",36
37,109,1673,2,65.17466881,49.22068775,0,98.4413755,60.81545535,54.96274691,66.6681638,85.48786333,71.75855025,99.2171764,NULL,NULL,35,NULL,1,"2019-02-04 14:46:59","2019-02-04 14:46:59",37
60,109,1673,2,64.57923785,47.45323979,0,94.90647958,60.80831522,54.95224568,66.66438476,85.47615854,71.73789673,99.21442035,NULL,NULL,35,NULL,1,"2019-02-04 14:46:59","2019-02-04 14:46:59",38
45,109,1673,2,63.90085953,45.42480486,0,90.84960973,60.73477499,54.87392215,66.59562782,85.54299875,71.62522107,99.46077643,NULL,NULL,35,NULL,1,"2019-02-04 14:46:59","2019-02-04 14:46:59",39
16,109,1673,2,64.84523491,48.11394099,0,96.22788199,60.71470008,54.87371117,66.55568899,85.70706367,71.67086118,99.74326617,NULL,NULL,35,NULL,1,"2019-02-04 14:46:59","2019-02-04 14:46:59",40
19,109,1673,2,64.75253991,47.85827657,0,95.71655315,60.71899726,54.87685939,66.56113513,85.68034589,71.66687163,99.69382016,NULL,NULL,35,NULL,1,"2019-02-04 14:46:59","2019-02-04 14:46:59",41
49,109,1673,2,64.78735794,47.90357805,0,95.8071561,60.66924551,54.83364611,66.50484491,85.78925026,71.62609607,99.95240445,NULL,NULL,35,NULL,1,"2019-02-04 14:46:59","2019-02-04 14:46:59",42
14,109,1673,2,64.50830054,47.10949157,0,94.21898314,60.73591044,54.89603635,66.57578454,85.67949961,71.70159578,99.65740345,NULL,NULL,35,NULL,1,"2019-02-04 14:46:59","2019-02-04 14:46:59",43
23,109,1673,2,64.45201547,47.16761325,0,94.3352265,61.09858821,55.2374659,66.95971053,85.08984494,72.11433444,98.06535544,NULL,NULL,35,NULL,1,"2019-02-04 14:46:59","2019-02-04 14:46:59",44
15,109,1673,2,64.85227504,48.21083773,0,96.42167546,60.85299758,55.00653153,66.69946363,85.49298981,71.83660237,99.14937725,NULL,NULL,35,NULL,1,"2019-02-04 14:46:59","2019-02-04 14:46:59",45
53,109,1673,2,64.20155842,46.23033764,0,92.46067527,60.82772348,54.98452271,66.67092425,85.54661413,71.81282649,99.28040177,NULL,NULL,35,NULL,1,"2019-02-04 14:46:59","2019-02-04 14:46:59",46
57,109,1673,2,64.22358041,46.23194096,0,92.46388191,60.73049728,54.8934024,66.56759215,85.70830299,71.7034437,99.71316227,NULL,NULL,35,NULL,1,"2019-02-04 14:46:59","2019-02-04 14:46:59",47
28,109,1673,2,63.99857606,45.71548005,0,91.43096009,60.96413748,55.1117512,66.81652376,85.31611066,71.96463321,98.66758812,NULL,NULL,35,NULL,1,"2019-02-04 14:46:59","2019-02-04 14:46:59",48
21,109,1673,2,57.69584723,50,0,100,62.57564021,50.93780825,74.21347218,60.51190148,42.79717586,78.2266271,NULL,NULL,35,NULL,1,"2019-02-04 14:46:59","2019-02-04 14:46:59",49
48,109,1673,2,52.16059329,38.704,49.408,28,56.37432418,46.45367192,66.29497645,61.40345568,47.3987894,75.40812196,NULL,NULL,35,NULL,1,"2019-02-04 14:46:59","2019-02-04 14:46:59",50
55,109,1673,2,59.92927103,37.996,70.992,5,61.54271087,55.3201205,67.76530124,80.24910223,68.04348323,92.45472122,NULL,NULL,35,NULL,1,"2019-02-04 14:46:59","2019-02-04 14:46:59",51
39,109,1673,2,71.71689526,92.704,85.408,100,61.37228261,43.88773462,78.8568306,61.07440316,43.2998809,78.84892542,NULL,NULL,35,NULL,1,"2019-02-04 14:46:59","2019-02-04 14:46:59",52
34,109,1673,2,61.94940557,50,0,100,60.45296313,59.31386905,61.5920572,75.3952536,54.04419416,96.74631304,NULL,NULL,35,NULL,1,"2019-02-04 14:46:59","2019-02-04 14:46:59",53
25,109,1673,2,61.47182064,49.29388658,0,98.58777316,60.42970615,58.68100835,62.17840395,74.69186917,53.48545867,95.89827968,NULL,NULL,35,NULL,1,"2019-02-04 14:46:59","2019-02-04 14:46:59",54
38,109,1673,2,47.72726869,8.61387812,0,17.22775624,61.37009089,58.72251195,64.01766982,73.19783705,55.48400116,90.91167294,NULL,NULL,35,NULL,1,"2019-02-04 14:46:59","2019-02-04 14:46:59",55
4,109,1673,2,40.8237313,6.908595489,0,13.81719098,59.92641939,49.02353503,70.82930376,55.63617903,59.13667559,52.13568246,NULL,NULL,35,NULL,1,"2019-02-04 14:46:59","2019-02-04 14:46:59",56
22,109,1673,2,64.22193027,50.296,90.592,10,61.63135799,56.73916067,66.52355531,80.73843283,72.33261716,89.1442485,NULL,NULL,35,NULL,1,"2019-02-04 14:46:59","2019-02-04 14:46:59",57
52,109,1673,2,76.81891033,94.384,88.768,100,69.96648352,67.03296703,72.9,66.10624749,32.21153846,100.0009565,NULL,NULL,35,NULL,1,"2019-02-04 14:46:59","2019-02-04 14:46:59",58
35,109,1673,2,59.262511,50.864,91.728,10,63.20454842,49.43329356,76.97580327,63.71898458,55.60606658,71.83190259,NULL,NULL,35,NULL,1,"2019-02-04 14:46:59","2019-02-04 14:46:59",59
8,109,1673,2,76.8033891,87.704,85.408,90,60.42683308,51.48586863,69.36779753,82.27933421,72.56687746,91.99179097,NULL,NULL,35,NULL,1,"2019-02-04 14:46:59","2019-02-04 14:46:59",60
62,109,1673,2,67.73059669,50,0,100,66.83385206,76.83963014,56.82807399,86.35793802,80.51909326,92.19678278,NULL,NULL,35,NULL,1,"2019-02-04 14:46:59","2019-02-04 14:46:59",61
63,109,1673,2,51.35552621,42.856,75.712,10,60.21891917,44.63810285,75.79973549,50.99165947,36.08599469,65.89732425,NULL,NULL,35,NULL,1,"2019-02-04 14:46:59","2019-02-04 14:46:59",62
67,109,1673,2,50.7722163,30.9537883,61.9075766,0,64.63552176,51.48008393,77.7909596,56.72733885,55.85691444,57.59776326,NULL,NULL,35,NULL,1,"2019-02-04 14:46:59","2019-02-04 14:46:59",63
68,109,1673,2,52.36062965,38.48166992,76.96333985,0,63.41796994,52.5286233,74.30731658,55.18224909,60.69548781,49.66901037,NULL,NULL,35,NULL,1,"2019-02-04 14:46:59","2019-02-04 14:46:59",64
69,109,1673,2,45.75174636,0,0,0,61.85119623,54.41920519,69.28318728,75.40404284,65.22342271,85.58466297,NULL,NULL,35,NULL,1,"2019-02-04 14:46:59","2019-02-04 14:46:59",65
70,109,1673,2,67.96835409,83.46308217,66.92616435,100,64.22967116,51.82959705,76.62974526,56.21230893,57.46977223,54.95484563,NULL,NULL,35,NULL,1,"2019-02-04 14:46:59","2019-02-04 14:46:59",66
71,109,1673,2,69.03753707,84.31054465,91.9072,76.71388929,62.02325831,48.14212036,75.90439625,60.77880825,58.613181,62.9444355,NULL,NULL,35,NULL,1,"2019-02-04 14:46:59","2019-02-04 14:46:59",67
72,109,1673,2,43.51997545,4.4,8.8,0,63.19540733,53.7420991,72.64871555,62.96451903,58.3738897,67.55514835,NULL,NULL,35,NULL,1,"2019-02-04 14:46:59","2019-02-04 14:46:59",68
73,109,1673,2,52.16707536,41.1272405,0,82.25448099,63.89796156,48.84371286,78.95221027,51.47602402,47.76311161,55.18893643,NULL,NULL,35,NULL,1,"2019-02-04 14:46:59","2019-02-04 14:46:59",69
74,109,1673,2,42.57922471,0,0,0,65.46082527,53.88455003,77.03710051,62.27684887,57.16847641,67.38522132,NULL,NULL,35,NULL,1,"2019-02-04 14:46:59","2019-02-04 14:46:59",70
75,109,1673,2,43.10785975,0,0,0,63.10450222,53.51007539,72.69892905,66.21907703,59.72777003,72.71038402,NULL,NULL,35,NULL,1,"2019-02-04 14:46:59","2019-02-04 14:46:59",71
76,109,1673,2,44.4315847,0,0,0,62.52012278,55.59764333,69.44260222,70.77463133,65.76126723,75.78799543,NULL,NULL,35,NULL,1,"2019-02-04 14:46:59","2019-02-04 14:46:59",72
77,109,1673,2,62.51219497,50.91357918,99.98682222,1.840336134,60.18021978,59.56043956,60.8,76.44278595,52.88461538,100.0009565,NULL,NULL,35,NULL,1,"2019-02-04 14:46:59","2019-02-04 14:46:59",73
78,109,1673,2,69.02729632,88.48166992,76.96333985,100,63.41796994,52.5286233,74.30731658,55.18224909,60.69548781,49.66901037,NULL,NULL,35,NULL,1,"2019-02-04 14:46:59","2019-02-04 14:46:59",74
79,109,1673,2,67.96305938,83.43798923,66.87597847,100,64.23372966,51.82610192,76.64135741,56.21745923,57.45364365,54.98127481,NULL,NULL,35,NULL,1,"2019-02-04 14:46:59","2019-02-04 14:46:59",75
80,109,1673,2,67.96305938,83.43798923,66.87597847,100,64.23372966,51.82610192,76.64135741,56.21745923,57.45364365,54.98127481,NULL,NULL,35,NULL,1,"2019-02-04 14:46:59","2019-02-04 14:46:59",76
81,109,1673,2,38.10254312,0,0,0,60.71946933,54.35768559,67.08125307,53.58816003,61.34527876,45.8310413,NULL,NULL,35,NULL,1,"2019-02-04 14:46:59","2019-02-04 14:46:59",77
82,109,1673,2,45.00640188,0,0,0,62.95751476,54.33866628,71.57636324,72.06169087,62.13064363,81.99273811,NULL,NULL,35,NULL,1,"2019-02-04 14:46:59","2019-02-04 14:46:59",78
83,109,1673,2,45.00640188,0,0,0,62.95751476,54.33866628,71.57636324,72.06169087,62.13064363,81.99273811,NULL,NULL,35,NULL,1,"2019-02-04 14:46:59","2019-02-04 14:46:59",79
84,109,1673,2,58.65770818,40.4829286,80.9658572,0,60.91087645,53.15147422,68.67027868,74.5793195,68.33499435,80.82364465,NULL,NULL,35,NULL,1,"2019-02-04 14:46:59","2019-02-04 14:46:59",80
85,109,1673,2,62.51219497,50.91357918,99.98682222,1.840336134,60.18021978,59.56043956,60.8,76.44278595,52.88461538,100.0009565,NULL,NULL,35,NULL,1,"2019-02-04 14:46:59","2019-02-04 14:46:59",81
86,109,1673,2,47.39477329,2.5,0,5,62.07913598,54.80738429,69.35088768,77.60518388,66.09527443,89.11509333,NULL,NULL,35,NULL,1,"2019-02-04 14:46:59","2019-02-04 14:46:59",82
87,109,1673,2,39.60065079,0,0,0,63.31026217,49.87386466,76.74665967,55.4916902,52.01072606,58.97265434,NULL,NULL,35,NULL,1,"2019-02-04 14:46:59","2019-02-04 14:46:59",83
88,109,1673,2,39.60065079,0,0,0,63.31026217,49.87386466,76.74665967,55.4916902,52.01072606,58.97265434,NULL,NULL,35,NULL,1,"2019-02-04 14:46:59","2019-02-04 14:46:59",84
89,109,1673,2,39.60065079,0,0,0,63.31026217,49.87386466,76.74665967,55.4916902,52.01072606,58.97265434,NULL,NULL,35,NULL,1,"2019-02-04 14:46:59","2019-02-04 14:46:59",85
90,109,1673,2,41.59097361,0,0,0,62.67250095,54.96929704,70.37570486,62.10041988,60.34491894,63.85592082,NULL,NULL,35,NULL,1,"2019-02-04 14:46:59","2019-02-04 14:46:59",86
91,109,1673,2,50.47424367,0,0,0,72.81648352,67.03296703,78.6,78.60624749,57.21153846,100.0009565,NULL,NULL,35,NULL,1,"2019-02-04 14:46:59","2019-02-04 14:46:59",87
92,109,1673,2,64.5829252,60.25200244,30.25368,90.25032488,62.87863667,53.93446312,71.82281022,70.6181365,58.91114365,82.32512935,NULL,NULL,35,NULL,1,"2019-02-04 14:46:59","2019-02-04 14:46:59",88
93,109,1673,2,64.88730982,61.95012,23.90024,100,62.74159755,53.22308824,72.26010687,69.9702119,56.95809535,82.98232846,NULL,NULL,35,NULL,1,"2019-02-04 14:46:59","2019-02-04 14:46:59",89
94,109,1673,2,47.13917868,8.365519614,16.73103923,0,62.44585555,53.7717682,71.11994289,70.60616087,63.28484881,77.92747293,NULL,NULL,35,NULL,1,"2019-02-04 14:46:59","2019-02-04 14:46:59",90
95,109,1673,2,60.38264945,56.12200759,46.24401518,66,62.9251346,52.33434042,73.51592877,62.10080618,61.56750307,62.63410929,NULL,NULL,35,NULL,1,"2019-02-04 14:46:59","2019-02-04 14:46:59",91
96,109,1673,2,69.02729632,88.48166992,76.96333985,100,63.41796994,52.5286233,74.30731658,55.18224909,60.69548781,49.66901037,NULL,NULL,35,NULL,1,"2019-02-04 14:46:59","2019-02-04 14:46:59",92
97,109,1673,2,52.52642618,34.08160279,62.33104,5.832165588,64.0567622,50.54922424,77.56430015,59.44091356,55.97875743,62.90306968,NULL,NULL,35,NULL,1,"2019-02-04 14:46:59","2019-02-04 14:46:59",93
98,109,1673,2,43.73360335,4.4,8.8,0,64.32909236,53.75829807,74.89988664,62.4717177,56.45962547,68.48380993,NULL,NULL,35,NULL,1,"2019-02-04 14:46:59","2019-02-04 14:46:59",94
99,109,1673,2,47.86844634,13.39586044,26.24864,0.543080888,63.62065951,55.25292309,71.98839593,66.58881906,59.1213122,74.05632592,NULL,NULL,35,NULL,1,"2019-02-04 14:46:59","2019-02-04 14:46:59",95
100,109,1673,2,48.0877953,13.64890629,26.0368,1.26101257,63.47106445,55.30671652,71.63541239,67.14341515,59.20874411,75.07808619,NULL,NULL,35,NULL,1,"2019-02-04 14:46:59","2019-02-04 14:46:59",96
101,109,1673,2,47.55552298,11.97250857,23.63216,0.312857143,63.51588762,55.38788954,71.64388571,67.17817275,59.26013639,75.0962091,NULL,NULL,35,NULL,1,"2019-02-04 14:46:59","2019-02-04 14:46:59",97
102,109,1673,2,46.97429365,10.15848536,20.06944,0.247530726,63.46943926,54.90888317,72.02999536,67.29495632,59.40381137,75.18610127,NULL,NULL,35,NULL,1,"2019-02-04 14:46:59","2019-02-04 14:46:59",98
103,109,1673,2,48.31381553,12.22904672,23.48448,0.973613445,63.08120389,54.4228594,71.73954838,69.63119598,61.0020835,78.26030847,NULL,NULL,35,NULL,1,"2019-02-04 14:46:59","2019-02-04 14:46:59",99
27,109,243,1,26.05144,NULL,0,52.10288,NULL,NULL,NULL,NULL,NULL,NULL,NULL,NULL,35,NULL,1,"2019-02-04 14:46:59","2019-02-04 14:46:59",100
7,109,243,1,5.319148936,NULL,0,10.63829787,NULL,NULL,NULL,NULL,NULL,NULL,NULL,NULL,35,NULL,1,"2019-02-04 14:46:59","2019-02-04 14:46:59",101
5,109,243,1,0.15,NULL,0,0.3,NULL,NULL,NULL,NULL,NULL,NULL,NULL,NULL,35,NULL,1,"2019-02-04 14:46:59","2019-02-04 14:46:59",102
29,109,243,1,2.5,NULL,0,5,NULL,NULL,NULL,NULL,NULL,NULL,NULL,NULL,35,NULL,1,"2019-02-04 14:46:59","2019-02-04 14:46:59",103
2,109,243,1,0,NULL,0,0,NULL,NULL,NULL,NULL,NULL,NULL,NULL,NULL,35,NULL,1,"2019-02-04 14:46:59","2019-02-04 14:46:59",104
43,109,243,1,50,NULL,0,100,NULL,NULL,NULL,NULL,NULL,NULL,NULL,NULL,35,NULL,1,"2019-02-04 14:46:59","2019-02-04 14:46:59",105
51,109,243,1,0,NULL,0,0,NULL,NULL,NULL,NULL,NULL,NULL,NULL,NULL,35,NULL,1,"2019-02-04 14:46:59","2019-02-04 14:46:59",106
54,109,243,1,41,NULL,0,82,NULL,NULL,NULL,NULL,NULL,NULL,NULL,NULL,35,NULL,1,"2019-02-04 14:46:59","2019-02-04 14:46:59",107
12,109,243,1,43.97616807,NULL,86.112,1.840336134,NULL,NULL,NULL,NULL,NULL,NULL,NULL,NULL,35,NULL,1,"2019-02-04 14:46:59","2019-02-04 14:46:59",108
30,109,243,1,1.3345195,NULL,0,2.669039,NULL,NULL,NULL,NULL,NULL,NULL,NULL,NULL,35,NULL,1,"2019-02-04 14:46:59","2019-02-04 14:46:59",109
17,109,243,1,0,NULL,0,0,NULL,NULL,NULL,NULL,NULL,NULL,NULL,NULL,35,NULL,1,"2019-02-04 14:46:59","2019-02-04 14:46:59",110
11,109,243,1,42.5,NULL,0,85,NULL,NULL,NULL,NULL,NULL,NULL,NULL,NULL,35,NULL,1,"2019-02-04 14:46:59","2019-02-04 14:46:59",111
33,109,243,1,0.990247525,NULL,0,1.980495051,NULL,NULL,NULL,NULL,NULL,NULL,NULL,NULL,35,NULL,1,"2019-02-04 14:46:59","2019-02-04 14:46:59",112
13,109,243,1,22.425926,NULL,35.728,9.123852,NULL,NULL,NULL,NULL,NULL,NULL,NULL,NULL,35,NULL,1,"2019-02-04 14:46:59","2019-02-04 14:46:59",113
58,109,243,1,46.30376937,NULL,82.432,10.17553875,NULL,NULL,NULL,NULL,NULL,NULL,NULL,NULL,35,NULL,1,"2019-02-04 14:46:59","2019-02-04 14:46:59",114
18,109,243,1,50,NULL,0,100,NULL,NULL,NULL,NULL,NULL,NULL,NULL,NULL,35,NULL,1,"2019-02-04 14:46:59","2019-02-04 14:46:59",115
20,109,243,1,50,NULL,0,100,NULL,NULL,NULL,NULL,NULL,NULL,NULL,NULL,35,NULL,1,"2019-02-04 14:46:59","2019-02-04 14:46:59",116
3,109,243,1,89.4,NULL,86.8,92,NULL,NULL,NULL,NULL,NULL,NULL,NULL,NULL,35,NULL,1,"2019-02-04 14:46:59","2019-02-04 14:46:59",117
44,109,243,1,74.056,NULL,48.112,100,NULL,NULL,NULL,NULL,NULL,NULL,NULL,NULL,35,NULL,1,"2019-02-04 14:46:59","2019-02-04 14:46:59",118
47,109,243,1,47.6,NULL,95.2,0,NULL,NULL,NULL,NULL,NULL,NULL,NULL,NULL,35,NULL,1,"2019-02-04 14:46:59","2019-02-04 14:46:59",119
56,109,243,1,42.13938345,NULL,0,84.2787669,NULL,NULL,NULL,NULL,NULL,NULL,NULL,NULL,35,NULL,1,"2019-02-04 14:46:59","2019-02-04 14:46:59",120
59,109,243,1,66.4,NULL,32.8,100,NULL,NULL,NULL,NULL,NULL,NULL,NULL,NULL,35,NULL,1,"2019-02-04 14:46:59","2019-02-04 14:46:59",121
32,109,243,1,38.856,NULL,75.712,2,NULL,NULL,NULL,NULL,NULL,NULL,NULL,NULL,35,NULL,1,"2019-02-04 14:46:59","2019-02-04 14:46:59",122
31,109,243,1,44.62780165,NULL,42.768,46.48760331,NULL,NULL,NULL,NULL,NULL,NULL,NULL,NULL,35,NULL,1,"2019-02-04 14:46:59","2019-02-04 14:46:59",123
41,109,243,1,47.68074138,NULL,0,95.36148276,NULL,NULL,NULL,NULL,NULL,NULL,NULL,NULL,35,NULL,1,"2019-02-04 14:46:59","2019-02-04 14:46:59",124
40,109,243,1,36.71190395,NULL,25.2,48.2238079,NULL,NULL,NULL,NULL,NULL,NULL,NULL,NULL,35,NULL,1,"2019-02-04 14:46:59","2019-02-04 14:46:59",125
36,109,243,1,39.80869018,NULL,0,79.61738035,NULL,NULL,NULL,NULL,NULL,NULL,NULL,NULL,35,NULL,1,"2019-02-04 14:46:59","2019-02-04 14:46:59",126
1,109,243,1,77.42218081,NULL,83.952,70.89236162,NULL,NULL,NULL,NULL,NULL,NULL,NULL,NULL,35,NULL,1,"2019-02-04 14:46:59","2019-02-04 14:46:59",127
9,109,243,1,70,NULL,40,100,NULL,NULL,NULL,NULL,NULL,NULL,NULL,NULL,35,NULL,1,"2019-02-04 14:46:59","2019-02-04 14:46:59",128
24,109,243,1,98.024,NULL,96.048,100,NULL,NULL,NULL,NULL,NULL,NULL,NULL,NULL,35,NULL,1,"2019-02-04 14:46:59","2019-02-04 14:46:59",129
46,109,243,1,41.26762438,NULL,80.032,2.503248752,NULL,NULL,NULL,NULL,NULL,NULL,NULL,NULL,35,NULL,1,"2019-02-04 14:46:59","2019-02-04 14:46:59",130
42,109,243,1,85.584,NULL,91.168,80,NULL,NULL,NULL,NULL,NULL,NULL,NULL,NULL,35,NULL,1,"2019-02-04 14:46:59","2019-02-04 14:46:59",131
50,109,243,1,52.664,NULL,5.328,100,NULL,NULL,NULL,NULL,NULL,NULL,NULL,NULL,35,NULL,1,"2019-02-04 14:46:59","2019-02-04 14:46:59",132
6,109,243,1,16.656,NULL,31.312,2,NULL,NULL,NULL,NULL,NULL,NULL,NULL,NULL,35,NULL,1,"2019-02-04 14:46:59","2019-02-04 14:46:59",133
26,109,243,1,46.54567685,NULL,0,93.0913537,NULL,NULL,NULL,NULL,NULL,NULL,NULL,NULL,35,NULL,1,"2019-02-04 14:46:59","2019-02-04 14:46:59",134
10,109,243,1,44.03591267,NULL,0,88.07182535,NULL,NULL,NULL,NULL,NULL,NULL,NULL,NULL,35,NULL,1,"2019-02-04 14:46:59","2019-02-04 14:46:59",135
37,109,243,1,49.22068775,NULL,0,98.4413755,NULL,NULL,NULL,NULL,NULL,NULL,NULL,NULL,35,NULL,1,"2019-02-04 14:46:59","2019-02-04 14:46:59",136
60,109,243,1,47.45323979,NULL,0,94.90647958,NULL,NULL,NULL,NULL,NULL,NULL,NULL,NULL,35,NULL,1,"2019-02-04 14:46:59","2019-02-04 14:46:59",137
45,109,243,1,45.42480486,NULL,0,90.84960973,NULL,NULL,NULL,NULL,NULL,NULL,NULL,NULL,35,NULL,1,"2019-02-04 14:46:59","2019-02-04 14:46:59",138
16,109,243,1,48.11394099,NULL,0,96.22788199,NULL,NULL,NULL,NULL,NULL,NULL,NULL,NULL,35,NULL,1,"2019-02-04 14:46:59","2019-02-04 14:46:59",139
19,109,243,1,47.85827657,NULL,0,95.71655315,NULL,NULL,NULL,NULL,NULL,NULL,NULL,NULL,35,NULL,1,"2019-02-04 14:46:59","2019-02-04 14:46:59",140
49,109,243,1,47.90357805,NULL,0,95.8071561,NULL,NULL,NULL,NULL,NULL,NULL,NULL,NULL,35,NULL,1,"2019-02-04 14:46:59","2019-02-04 14:46:59",141
14,109,243,1,47.10949157,NULL,0,94.21898314,NULL,NULL,NULL,NULL,NULL,NULL,NULL,NULL,35,NULL,1,"2019-02-04 14:46:59","2019-02-04 14:46:59",142
23,109,243,1,47.16761325,NULL,0,94.3352265,NULL,NULL,NULL,NULL,NULL,NULL,NULL,NULL,35,NULL,1,"2019-02-04 14:46:59","2019-02-04 14:46:59",143
15,109,243,1,48.21083773,NULL,0,96.42167546,NULL,NULL,NULL,NULL,NULL,NULL,NULL,NULL,35,NULL,1,"2019-02-04 14:46:59","2019-02-04 14:46:59",144
53,109,243,1,46.23033764,NULL,0,92.46067527,NULL,NULL,NULL,NULL,NULL,NULL,NULL,NULL,35,NULL,1,"2019-02-04 14:46:59","2019-02-04 14:46:59",145
57,109,243,1,46.23194096,NULL,0,92.46388191,NULL,NULL,NULL,NULL,NULL,NULL,NULL,NULL,35,NULL,1,"2019-02-04 14:46:59","2019-02-04 14:46:59",146
28,109,243,1,45.71548005,NULL,0,91.43096009,NULL,NULL,NULL,NULL,NULL,NULL,NULL,NULL,35,NULL,1,"2019-02-04 14:46:59","2019-02-04 14:46:59",147
21,109,243,1,50,NULL,0,100,NULL,NULL,NULL,NULL,NULL,NULL,NULL,NULL,35,NULL,1,"2019-02-04 14:46:59","2019-02-04 14:46:59",148
48,109,243,1,21.776,NULL,15.552,28,NULL,NULL,NULL,NULL,NULL,NULL,NULL,NULL,35,NULL,1,"2019-02-04 14:46:59","2019-02-04 14:46:59",149
55,109,243,1,2.5,NULL,0,5,NULL,NULL,NULL,NULL,NULL,NULL,NULL,NULL,35,NULL,1,"2019-02-04 14:46:59","2019-02-04 14:46:59",150
39,109,243,1,50,NULL,0,100,NULL,NULL,NULL,NULL,NULL,NULL,NULL,NULL,35,NULL,1,"2019-02-04 14:46:59","2019-02-04 14:46:59",151
34,109,243,1,50,NULL,0,100,NULL,NULL,NULL,NULL,NULL,NULL,NULL,NULL,35,NULL,1,"2019-02-04 14:46:59","2019-02-04 14:46:59",152
25,109,243,1,49.29388658,NULL,0,98.58777316,NULL,NULL,NULL,NULL,NULL,NULL,NULL,NULL,35,NULL,1,"2019-02-04 14:46:59","2019-02-04 14:46:59",153
38,109,243,1,8.61387812,NULL,0,17.22775624,NULL,NULL,NULL,NULL,NULL,NULL,NULL,NULL,35,NULL,1,"2019-02-04 14:46:59","2019-02-04 14:46:59",154
4,109,243,1,6.908595489,NULL,0,13.81719098,NULL,NULL,NULL,NULL,NULL,NULL,NULL,NULL,35,NULL,1,"2019-02-04 14:46:59","2019-02-04 14:46:59",155
22,109,243,1,5,NULL,0,10,NULL,NULL,NULL,NULL,NULL,NULL,NULL,NULL,35,NULL,1,"2019-02-04 14:46:59","2019-02-04 14:46:59",156
52,109,243,1,86.936,NULL,73.872,100,NULL,NULL,NULL,NULL,NULL,NULL,NULL,NULL,35,NULL,1,"2019-02-04 14:46:59","2019-02-04 14:46:59",157
35,109,243,1,40.984,NULL,71.968,10,NULL,NULL,NULL,NULL,NULL,NULL,NULL,NULL,35,NULL,1,"2019-02-04 14:46:59","2019-02-04 14:46:59",158
8,109,243,1,70.344,NULL,50.688,90,NULL,NULL,NULL,NULL,NULL,NULL,NULL,NULL,35,NULL,1,"2019-02-04 14:46:59","2019-02-04 14:46:59",159
62,109,243,1,50,NULL,0,100,NULL,NULL,NULL,NULL,NULL,NULL,NULL,NULL,35,NULL,1,"2019-02-04 14:46:59","2019-02-04 14:46:59",160
63,109,243,1,28.4,NULL,46.8,10,NULL,NULL,NULL,NULL,NULL,NULL,NULL,NULL,35,NULL,1,"2019-02-04 14:46:59","2019-02-04 14:46:59",161
67,109,243,1,30.9537883,NULL,61.9075766,0,NULL,NULL,NULL,NULL,NULL,NULL,NULL,NULL,35,NULL,1,"2019-02-04 14:46:59","2019-02-04 14:46:59",162
68,109,243,1,38.48166992,NULL,76.96333985,0,NULL,NULL,NULL,NULL,NULL,NULL,NULL,NULL,35,NULL,1,"2019-02-04 14:46:59","2019-02-04 14:46:59",163
69,109,243,1,0,NULL,0,0,NULL,NULL,NULL,NULL,NULL,NULL,NULL,NULL,35,NULL,1,"2019-02-04 14:46:59","2019-02-04 14:46:59",164
70,109,243,1,83.46308217,NULL,66.92616435,100,NULL,NULL,NULL,NULL,NULL,NULL,NULL,NULL,35,NULL,1,"2019-02-04 14:46:59","2019-02-04 14:46:59",165
71,109,243,1,80.14134465,NULL,83.5688,76.71388929,NULL,NULL,NULL,NULL,NULL,NULL,NULL,NULL,35,NULL,1,"2019-02-04 14:46:59","2019-02-04 14:46:59",166
72,109,243,1,0,NULL,0,0,NULL,NULL,NULL,NULL,NULL,NULL,NULL,NULL,35,NULL,1,"2019-02-04 14:46:59","2019-02-04 14:46:59",167
73,109,243,1,41.1272405,NULL,0,82.25448099,NULL,NULL,NULL,NULL,NULL,NULL,NULL,NULL,35,NULL,1,"2019-02-04 14:46:59","2019-02-04 14:46:59",168
74,109,243,1,0,NULL,0,0,NULL,NULL,NULL,NULL,NULL,NULL,NULL,NULL,35,NULL,1,"2019-02-04 14:46:59","2019-02-04 14:46:59",169
75,109,243,1,0,NULL,0,0,NULL,NULL,NULL,NULL,NULL,NULL,NULL,NULL,35,NULL,1,"2019-02-04 14:46:59","2019-02-04 14:46:59",170
76,109,243,1,0,NULL,0,0,NULL,NULL,NULL,NULL,NULL,NULL,NULL,NULL,35,NULL,1,"2019-02-04 14:46:59","2019-02-04 14:46:59",171
77,109,243,1,50.91889549,NULL,99.99745485,1.840336134,NULL,NULL,NULL,NULL,NULL,NULL,NULL,NULL,35,NULL,1,"2019-02-04 14:46:59","2019-02-04 14:46:59",172
78,109,243,1,88.48166992,NULL,76.96333985,100,NULL,NULL,NULL,NULL,NULL,NULL,NULL,NULL,35,NULL,1,"2019-02-04 14:46:59","2019-02-04 14:46:59",173
79,109,243,1,83.43798923,NULL,66.87597847,100,NULL,NULL,NULL,NULL,NULL,NULL,NULL,NULL,35,NULL,1,"2019-02-04 14:46:59","2019-02-04 14:46:59",174
80,109,243,1,83.43798923,NULL,66.87597847,100,NULL,NULL,NULL,NULL,NULL,NULL,NULL,NULL,35,NULL,1,"2019-02-04 14:46:59","2019-02-04 14:46:59",175
81,109,243,1,0,NULL,0,0,NULL,NULL,NULL,NULL,NULL,NULL,NULL,NULL,35,NULL,1,"2019-02-04 14:46:59","2019-02-04 14:46:59",176
82,109,243,1,0,NULL,0,0,NULL,NULL,NULL,NULL,NULL,NULL,NULL,NULL,35,NULL,1,"2019-02-04 14:46:59","2019-02-04 14:46:59",177
83,109,243,1,0,NULL,0,0,NULL,NULL,NULL,NULL,NULL,NULL,NULL,NULL,35,NULL,1,"2019-02-04 14:46:59","2019-02-04 14:46:59",178
84,109,243,1,0,NULL,0,0,NULL,NULL,NULL,NULL,NULL,NULL,NULL,NULL,35,NULL,1,"2019-02-04 14:46:59","2019-02-04 14:46:59",179
85,109,243,1,50.91889549,NULL,99.99745485,1.840336134,NULL,NULL,NULL,NULL,NULL,NULL,NULL,NULL,35,NULL,1,"2019-02-04 14:46:59","2019-02-04 14:46:59",180
86,109,243,1,2.5,NULL,0,5,NULL,NULL,NULL,NULL,NULL,NULL,NULL,NULL,35,NULL,1,"2019-02-04 14:46:59","2019-02-04 14:46:59",181
87,109,243,1,0,NULL,0,0,NULL,NULL,NULL,NULL,NULL,NULL,NULL,NULL,35,NULL,1,"2019-02-04 14:46:59","2019-02-04 14:46:59",182
88,109,243,1,0,NULL,0,0,NULL,NULL,NULL,NULL,NULL,NULL,NULL,NULL,35,NULL,1,"2019-02-04 14:46:59","2019-02-04 14:46:59",183
89,109,243,1,0,NULL,0,0,NULL,NULL,NULL,NULL,NULL,NULL,NULL,NULL,35,NULL,1,"2019-02-04 14:46:59","2019-02-04 14:46:59",184
90,109,243,1,0,NULL,0,0,NULL,NULL,NULL,NULL,NULL,NULL,NULL,NULL,35,NULL,1,"2019-02-04 14:46:59","2019-02-04 14:46:59",185
91,109,243,1,0,NULL,0,0,NULL,NULL,NULL,NULL,NULL,NULL,NULL,NULL,35,NULL,1,"2019-02-04 14:46:59","2019-02-04 14:46:59",186
92,109,243,1,59.45192244,NULL,28.65352,90.25032488,NULL,NULL,NULL,NULL,NULL,NULL,NULL,NULL,35,NULL,1,"2019-02-04 14:46:59","2019-02-04 14:46:59",187
93,109,243,1,61.76588,NULL,23.53176,100,NULL,NULL,NULL,NULL,NULL,NULL,NULL,NULL,35,NULL,1,"2019-02-04 14:46:59","2019-02-04 14:46:59",188
94,109,243,1,8.365519614,NULL,16.73103923,0,NULL,NULL,NULL,NULL,NULL,NULL,NULL,NULL,35,NULL,1,"2019-02-04 14:46:59","2019-02-04 14:46:59",189
95,109,243,1,56.12200759,NULL,46.24401518,66,NULL,NULL,NULL,NULL,NULL,NULL,NULL,NULL,35,NULL,1,"2019-02-04 14:46:59","2019-02-04 14:46:59",190
96,109,243,1,88.48166992,NULL,76.96333985,100,NULL,NULL,NULL,NULL,NULL,NULL,NULL,NULL,35,NULL,1,"2019-02-04 14:46:59","2019-02-04 14:46:59",191
97,109,243,1,22.28760279,NULL,38.74304,5.832165588,NULL,NULL,NULL,NULL,NULL,NULL,NULL,NULL,35,NULL,1,"2019-02-04 14:46:59","2019-02-04 14:46:59",192
98,109,243,1,0,NULL,0,0,NULL,NULL,NULL,NULL,NULL,NULL,NULL,NULL,35,NULL,1,"2019-02-04 14:46:59","2019-02-04 14:46:59",193
99,109,243,1,8.021620444,NULL,15.50016,0.543080888,NULL,NULL,NULL,NULL,NULL,NULL,NULL,NULL,35,NULL,1,"2019-02-04 14:46:59","2019-02-04 14:46:59",194
100,109,243,1,8.808266285,NULL,16.35552,1.26101257,NULL,NULL,NULL,NULL,NULL,NULL,NULL,NULL,35,NULL,1,"2019-02-04 14:46:59","2019-02-04 14:46:59",195
101,109,243,1,7.475948571,NULL,14.63904,0.312857143,NULL,NULL,NULL,NULL,NULL,NULL,NULL,NULL,35,NULL,1,"2019-02-04 14:46:59","2019-02-04 14:46:59",196
102,109,243,1,5.290485363,NULL,10.33344,0.247530726,NULL,NULL,NULL,NULL,NULL,NULL,NULL,NULL,35,NULL,1,"2019-02-04 14:46:59","2019-02-04 14:46:59",197
103,109,243,1,2.209046723,NULL,3.44448,0.973613445,NULL,NULL,NULL,NULL,NULL,NULL,NULL,NULL,35,NULL,1,"2019-02-04 14:46:59","2019-02-04 14:46:59",198
